{"name":"build-javascript","namedChunkGroups":{"polyfill":{"name":"polyfill","assets":[{"name":"webpack-runtime-3f347e1a8957d9793607.js","size":5157},{"name":"polyfill-25b707145b933ca4a1bc.js","size":85026}],"filteredAssets":0,"assetsSize":90183,"filteredAuxiliaryAssets":2,"auxiliaryAssetsSize":231508},"app":{"name":"app","assets":[{"name":"webpack-runtime-3f347e1a8957d9793607.js","size":5157},{"name":"framework-04bd68392161e4299501.js","size":149933},{"name":"c16184b3-5ec79b555c4582eae7bd.js","size":469},{"name":"app-88a242db7940fb493ead.js","size":295325}],"filteredAssets":0,"assetsSize":450884,"filteredAuxiliaryAssets":4,"auxiliaryAssetsSize":2639464},"component---src-pages-404-js":{"name":"component---src-pages-404-js","assets":[{"name":"component---src-pages-404-js-783b8775b2c083c778aa.js","size":816}],"filteredAssets":0,"assetsSize":816,"filteredAuxiliaryAssets":1,"auxiliaryAssetsSize":2119},"component---src-pages-index-js":{"name":"component---src-pages-index-js","assets":[{"name":"framework-04bd68392161e4299501.js","size":149933},{"name":"styles.9d705264f89060eef097.css","size":2383},{"name":"d0447323-d84db6f592db8e59bd30.js","size":750},{"name":"78e521c3-dc5bd86f569abf1b9ca4.js","size":6321},{"name":"component---src-pages-index-js-17355ac1eb8f9110dfe8.js","size":285657}],"filteredAssets":0,"assetsSize":445044,"filteredAuxiliaryAssets":4,"auxiliaryAssetsSize":8315172}},"assetsByChunkName":{"polyfill":["webpack-runtime-3f347e1a8957d9793607.js","polyfill-25b707145b933ca4a1bc.js"],"app":["webpack-runtime-3f347e1a8957d9793607.js","framework-04bd68392161e4299501.js","c16184b3-5ec79b555c4582eae7bd.js","app-88a242db7940fb493ead.js"],"component---src-pages-404-js":["component---src-pages-404-js-783b8775b2c083c778aa.js"],"component---src-pages-index-js":["framework-04bd68392161e4299501.js","styles.9d705264f89060eef097.css","d0447323-d84db6f592db8e59bd30.js","78e521c3-dc5bd86f569abf1b9ca4.js","component---src-pages-index-js-17355ac1eb8f9110dfe8.js"]},"childAssetsByChunkName":{}}