{"name":"build-javascript","namedChunkGroups":{"polyfill":{"name":"polyfill","assets":[{"name":"webpack-runtime-a9bdb8bcded2c533da2f.js","size":5145},{"name":"polyfill-8fe6c424bfc393afeacb.js","size":85844}],"filteredAssets":0,"assetsSize":90989,"filteredAuxiliaryAssets":2,"auxiliaryAssetsSize":228421},"app":{"name":"app","assets":[{"name":"webpack-runtime-a9bdb8bcded2c533da2f.js","size":5145},{"name":"framework-f60328705697ec57b3d0.js","size":130476},{"name":"cb1608f2-f5358f7ba832ebbe4929.js","size":2127},{"name":"app-1d1b706d25b8c0704b5b.js","size":303561}],"filteredAssets":0,"assetsSize":441309,"filteredAuxiliaryAssets":4,"auxiliaryAssetsSize":2894108},"component---src-pages-404-js":{"name":"component---src-pages-404-js","assets":[{"name":"component---src-pages-404-js-5f082d90a02c8e5d789d.js","size":809}],"filteredAssets":0,"assetsSize":809,"filteredAuxiliaryAssets":1,"auxiliaryAssetsSize":1884},"component---src-pages-index-js":{"name":"component---src-pages-index-js","assets":[{"name":"framework-f60328705697ec57b3d0.js","size":130476},{"name":"styles.b575de9d3be43725f74e.css","size":2552},{"name":"d0447323-b6e3d2b847b14dd5df0b.js","size":734},{"name":"78e521c3-010ae438303e12469369.js","size":3901},{"name":"component---src-pages-index-js-c0e512a3c3d789be6e40.js","size":249488}],"filteredAssets":0,"assetsSize":387151,"filteredAuxiliaryAssets":4,"auxiliaryAssetsSize":6679094}},"assetsByChunkName":{"polyfill":["webpack-runtime-a9bdb8bcded2c533da2f.js","polyfill-8fe6c424bfc393afeacb.js"],"app":["webpack-runtime-a9bdb8bcded2c533da2f.js","framework-f60328705697ec57b3d0.js","cb1608f2-f5358f7ba832ebbe4929.js","app-1d1b706d25b8c0704b5b.js"],"component---src-pages-404-js":["component---src-pages-404-js-5f082d90a02c8e5d789d.js"],"component---src-pages-index-js":["framework-f60328705697ec57b3d0.js","styles.b575de9d3be43725f74e.css","d0447323-b6e3d2b847b14dd5df0b.js","78e521c3-010ae438303e12469369.js","component---src-pages-index-js-c0e512a3c3d789be6e40.js"]},"childAssetsByChunkName":{}}